;Rank;Artist;Album;Date;Genres;RYM Rating;Ratings;Reviews
501;502;Art Blakey and the Jazz Messengers;Impulse!!!!! Art Blakey!!!!! Jazz Messengers!!!!!;1 September 1961;Hard Bop;3.71;418;2
502;503;McCoy Tyner;Focal Point;November 1976;Modal Jazz, Post-Bop;3.72;368;5
503;504;Jean-Luc Ponty;Cosmic Messenger;10 August 1978;Jazz Fusion, Jazz-Rock;3.70;860;20
504;505;Avishai Cohen;Continuo;23 May 2006;Chamber Jazz, Post-Bop;3.70;695;7
505;506;The Frank Wright Quintet;Your Prayer;1967;Free Jazz;3.71;482;5
506;507;Stan Getz;Jazz Samba;April 1962;Samba-jazz, Bossa nova;3.69;2,460;41
507;508;Carlos Santana;Love Devotion Surrender;22 June 1973;Jazz Fusion, Jazz-Rock;3.69;1,566;47
508;509;Thelonious Monk Quintet;5 by Monk by 5;September 1959;Hard Bop;3.71;449;3
509;510;Nat Adderley;Work Song;1960;Hard Bop;3.71;430;7
510;511;Art Blakey and The Jazz Messengers;Like Someone in Love;August 1967;Hard Bop;3.72;389;6
511;512;Andrew Hill;Smoke Stack;August 1966;Post-Bop, Modal Jazz;3.70;646;14
512;513;Tomasz Stanko Quintet;Dark Eyes;9 October 2009;ECM Style Jazz;3.72;416;5
513;514;Duke Ellington;Latin American Suite;July 1972;Big Band;3.72;292;5
514;515;Louis Armstrong;Louis Armstrong Plays W. C. Handy;November 1954;Vocal Jazz, Dixieland;3.69;1,428;29
515;516;Gato Barbieri;Fénix;November 1971;Latin Jazz, Avant-Garde Jazz;3.70;635;5
516;517;Bobbi Humphrey;Blacks and Blues;January 1974;Jazz-Funk, Soul Jazz;3.70;888;14
517;518;Ella Fitzgerald;Ella Fitzgerald Sings the George and Ira Gershwin Song Book;1959;Vocal Jazz, Standards;3.69;928;23
518;519;Roland Kirk;Domino;November 1962;Post-Bop;3.71;492;6
519;520;Joe Farrell;Moon Germs;March 1973;Jazz Fusion;3.71;405;9
520;521;Brad Mehldau;The Art of the Trio, Volume Three: Songs;15 September 1998;Jazz;3.72;364;6
521;522;Sonny Simmons;Staying on the Watch;1966;Free Jazz, Avant-Garde Jazz;3.72;274;4
522;523;Billie Holiday;Billie Holiday;June 1947;Vocal Jazz, Traditional Pop, Standards;3.70;838;5
523;524;The Cannonball Adderley Quintet;Them Dirty Blues;1960;Hard Bop;3.71;381;4
524;525;Arti & Mestieri;Tilt (Immagini per un orecchio);10 April 1974;Progressive Rock, Jazz-Rock, Jazz Fusion;3.69;999;28
525;526;Anthony Williams;Spring;February 1966;Avant-Garde Jazz;3.71;484;8
526;527;Duke Ellington;Side by Side;1959;Swing, Big Band;3.71;446;7
527;528;Eero Koivistoinen Music Society;Wahoo!;1973;Jazz Fusion, Jazz-Rock;3.71;414;9
528;529;Old and New Dreams;Old and New Dreams;November 1979;Avant-Garde Jazz;3.71;285;7
529;530;Julie London;Julie Is Her Name;December 1955;Vocal Jazz, Standards;3.69;1,772;29
530;531;Archie Shepp;Blasé;1969;Avant-Garde Jazz, Vocal Jazz;3.70;579;5
531;532;Kenny Wheeler;Angel Song;February 1997;ECM Style Jazz, Post-Bop;3.71;468;5
532;533;Egberto Gismonti;Academia de danças;1974;Avant-Prog, Jazz Fusion;3.70;364;4
533;534;Max Roach;M'Boom;1980;Spiritual Jazz, Avant-Garde Jazz;3.71;309;5
534;535;Mahavishnu Orchestra;Visions of the Emerald Beyond;February 1975;Jazz Fusion, Jazz-Rock;3.69;1,687;30
535;536; Hailu Mergia [ኃይሉ መርጊያ];Tche Belew;1977;Ethio-Jazz;3.69;973;7
536;537;Wynton Kelly;Kelly Blue;1959;Hard Bop;3.71;356;4
537;538;Charles Mingus;Charles Mingus Presents Charles Mingus;February 1961;Avant-Garde Jazz;3.68;1,681;28
538;539;João Donato;Quem é quem;September 1973;Bossa nova, MPB, Samba-jazz;3.70;597;6
539;540;Banda Black Rio;Maria fumaça;1977;Funk, Samba Soul, Jazz-Funk;3.69;516;13
540;541;Frank Sinatra;Songs for Swingin' Lovers!;5 March 1956;Standards, Vocal Jazz;3.66;3,196;79
541;542;John Coltrane;John Coltrane and Johnny Hartman;July 1963;Vocal Jazz;3.67;2,786;54
542;543;Miles Davis;Miles in the Sky;22 July 1968;Post-Bop, Modal Jazz;3.68;2,772;45
543;544;Jean-Luc Ponty;Enigmatic Ocean;September 1977;Jazz Fusion, Jazz-Rock;3.68;1,078;30
544;545;KNOWER;Knower Forever;2 June 2023;Synth Funk, Jazz-Funk;3.67;891;15
545;546;Lee Morgan;Leeway;May 1961;Hard Bop;3.70;550;10
546;547;The Ben Webster Quintet;Soulville;1958;Cool Jazz;3.69;785;6
547;548;Art Blakey Jazz Messengers;Caravan;December 1962;Hard Bop;3.69;714;8
548;549;Stan Getz;Captain Marvel;January 1975;Jazz Fusion;3.70;480;12
549;550;Lester Young With The Oscar Peterson Trio;With The Oscar Peterson Trio #1;June 1954;Cool Jazz, Bebop;3.70;453;3
550;551;Bill Evans;Interplay;June 1963;Cool Jazz, Hard Bop;3.69;612;8
551;552;The Pyramids;Lalibela;1973;Spiritual Jazz, Afro-Jazz;3.70;533;4
552;553;Sun Ra and His Myth Science Arkestra;Cosmic Tones for Mental Therapy;1967;Free Jazz, Avant-Garde Jazz;3.68;1,576;24
553;554;The Dave Brubeck Quartet;Time Further Out;November 1961;Cool Jazz;3.69;1,190;21
554;555;Bobby Timmons;This Here Is Bobby Timmons;1960;Hard Bop, Soul Jazz;3.70;461;8
555;556;Don Ellis;Soaring;1973;Experimental Big Band, Progressive Big Band;3.70;406;4
556;557;Roscoe Mitchell Sextet;Sound;May 1967;Free Jazz, Modern Creative;3.67;1,063;10
557;558;The Amazing Bud Powell;The Scene Changes;September 1959;Hard Bop;3.72;293;5
558;559;Grant Green;Green Street;October 1961;Hard Bop, Soul Jazz;3.69;979;14
559;560;Orchestra Baobab;Specialist in All Styles;15 October 2002;Wolof Music, Afro-Cuban Jazz;3.69;809;9
560;561;e.s.t.;Tuesday Wonderland;22 September 2006;Avant-Garde Jazz;3.70;553;5
561;562;Jerzy Milian;Baazaar;1969;Chamber Jazz, Post-Bop;3.70;454;3
562;563;Coleman Hawkins;The Hawk Flies High;July 1957;Hard Bop;3.69;630;9
563;564;Miroslav Vitous;Infinite Search;1970;Jazz Fusion, Avant-Garde Jazz, Post-Bop;3.69;562;14
564;565;Sun Ra and His Myth Science Arkestra;Rocket Number Nine;1966;Post-Bop;3.71;340;8
565;566;Nat 'King' Cole and His Trio;After Midnight;January 1957;Vocal Jazz;3.69;646;11
566;567;Dexter Gordon;Doin' Allright;August 1961;Hard Bop;3.70;422;7
567;568;Sun Ra;Discipline 27-II;1973;Avant-Garde Jazz, Spiritual Jazz;3.70;341;9
568;569;Oscar Brown Jr.;Sin & Soul;December 1960;Vocal Jazz;3.70;324;6
569;570;Ray Barretto;Acid;February 1968;Boogaloo, Latin Jazz;3.67;1,103;23
570;571;Benny Carter and His Orchestra;Further Definitions;March 1962;Swing, Bebop, Big Band;3.69;521;8
571;572;Tim Berne;Tim Berne's Fractured Fairy Tales;1989;Avant-Garde Jazz;3.69;468;5
572;573;Stanley Turrentine;Blue Hour;March 1961;Soul Jazz, Hard Bop;3.70;291;9
573;574;Frank Sinatra;Francis Albert Sinatra & Antônio Carlos Jobim;March 1967;Bossa nova, Standards, Vocal Jazz;3.67;1,830;40
574;575;Ornette Coleman;Of Human Feelings;25 March 1982;Avant-Garde Jazz, Jazz Fusion;3.68;702;12
575;576;Charlie Haden;The Ballad of the Fallen;October 1983;Avant-Garde Jazz, Experimental Big Band;3.70;408;5
576;577;Buddy Rich;The Roar of '74;1974;Big Band, Swing, Jazz-Funk;3.70;365;9
577;578;Miles Davis;Sorcerer;23 October 1967;Modal Jazz, Post-Bop;3.67;3,011;44
578;579;Brand X;Unorthodox Behaviour;18 June 1976;Jazz Fusion, Jazz-Rock;3.67;1,594;38
579;580;Sonny Rollins;Way Out West;1957;Hard Bop;3.68;1,313;20
580;581;The Dave Brubeck Quartet;Jazz Impressions of Japan;10 August 1964;Cool Jazz;3.68;1,044;14
581;582;Pat Martino;El hombre;1967;Soul Jazz, Post-Bop;3.68;799;11
582;583;Alphonse Mouzon;Mind Transplant;March 1975;Jazz Fusion, Jazz-Rock;3.70;413;9
583;584;Blue Mitchell;The Thing to Do;June 1965;Hard Bop;3.70;392;5
584;585;Michel Legrand;Legrand Jazz;5 January 1959;Cool Jazz, Hard Bop;3.70;294;6
585;586;Nucleus;Elastic Rock;June 1970;Jazz Fusion, Jazz-Rock;3.68;970;21
586;587;Frank Sinatra;It Might as Well Be Swing;22 August 1964;Vocal Jazz, Standards;3.69;541;6
587;588;The Andrzej Trzaskowski Sextet;Seant;1967;Avant-Garde Jazz;3.70;291;2
588;589;Charles Mingus;Cumbia & Jazz Fusion;May 1978;Latin Jazz, Avant-Garde Jazz;3.68;820;14
589;590;Contemporary Noise Quintet;Pig Inside the Gentleman;30 October 2006;Jazz, Avant-Garde Jazz;3.69;530;9
590;591;Terje Rypdal;Odyssey;October 1975;Jazz Fusion, ECM Style Jazz;3.68;684;18
591;592;Afro-Cuban All Stars;A toda Cuba le gusta;16 September 1997;Son cubano, Afro-Cuban Jazz;3.69;545;9
592;593;Stan Getz;Stan Getz and the Oscar Peterson Trio;1958;Cool Jazz, Bebop;3.70;306;5
593;594;Sonny Rollins;Sonny Rollins on Impulse!;August 1965;Hard Bop;3.70;311;3
594;595;Matana Roberts;Coin Coin Chapter Four: Memphis;18 October 2019;Avant-Garde Jazz, Free Jazz;3.66;2,498;14
595;596;Jan Garbarek;Belonging;October 1974;ECM Style Jazz;3.68;863;9
596;597;Bill Evans;Alone;March 1970;Cool Jazz, Post-Bop;3.68;670;17
597;598;Ella Fitzgerald;Ella Wishes You a Swinging Christmas;1960;Christmas Music, Vocal Jazz;3.68;569;8
598;599;Edu Lobo;A música de Edu Lobo por Edu Lobo;1964;Bossa nova, MPB, Samba-jazz;3.70;280;3
599;600;Return to Forever;Romantic Warrior;March 1976;Jazz Fusion, Jazz-Rock;3.65;3,092;70
600;601;John McLaughlin;Extrapolation;4 July 1969;Post-Bop;3.67;1,149;24
601;602;Duke Ellington;First Time! The Count Meets the Duke;March 1962;Big Band;3.69;495;10
602;603;Grant Green;Street of Dreams;August 1967;Cool Jazz, Soul Jazz;3.68;603;9
603;604;Ben Webster;Ben Webster Meets Oscar Peterson;1960;Cool Jazz, Standards;3.69;441;4
604;605;Miles Davis Quintet;Steamin' With the Miles Davis Quintet;May 1961;Hard Bop;3.66;2,174;21
605;606;Frank Sinatra;Sinatra-Basie;1963;Vocal Jazz, Standards, Swing;3.69;419;8
606;607;McCoy Tyner;Fly With the Wind;May 1976;Third Stream;3.68;367;11
607;608;Esbjörn Svensson Trio;Strange Place for Snow;25 March 2002;ECM Style Jazz, Jazz;3.70;410;8
608;609;Thelonious Monk Trio;Thelonious;1953;Hard Bop;3.67;1,197;14
609;610;Big John Patton;Let 'Em Roll;April 1967;Soul Jazz;3.69;301;7
610;611;Ike Quebec;Blue & Sentimental;June 1963;Hard Bop, Soul Jazz;3.68;467;9
611;612;Chet Baker;Diane;1985;Cool Jazz;3.69;375;6
612;613;Jaubi;Nafs at Peace;28 May 2021;Spiritual Jazz, Jazz Fusion, Indo Jazz;3.66;2,655;9
613;614; Mulatu Astatke [ሙላቱ አስታጥቄ];Inspiration Information;14 April 2009;Jazz-Funk, Ethio-Jazz;3.67;1,106;22
614;615;Roland Kirk;We Free Kings;1 January 1962;Hard Bop, Post-Bop;3.67;724;15
615;616;Al Di Meola;The Guitar Trio;15 October 1996;Flamenco Jazz;3.68;611;9
616;617;Frank Sinatra;September of My Years;August 1965;Standards, Vocal Jazz;3.67;1,006;32
617;618;Art Blakey;Art Blakey's Jazz Messengers With Thelonious Monk;May 1958;Hard Bop;3.67;935;14
618;619;Freddie Hubbard;Blue Spirits;February 1967;Hard Bop, Modal Jazz;3.68;451;10
619;620;Donald Byrd;Royal Flush;September 1962;Hard Bop;3.69;335;6
620;621;Oliver Nelson Sextet;Screamin' the Blues;January 1961;Hard Bop;3.69;319;3
621;622;Denny Zeitlin;Cathexis;May 1964;Post-Bop;3.69;293;5
622;623;Manu Dibango;O Boso;1972;Makossa, Jazz-Funk;3.67;979;16
623;624;John Greaves;Kew. Rhone.;March 1977;Avant-Prog, Rock in Opposition, Avant-Garde Jazz;3.66;834;26
624;625;Pat Metheny;Bright Size Life;March 1976;Jazz Fusion;3.66;1,841;34
625;626;Gil Scott-Heron;Reflections;September 1981;Soul, Soul Jazz;3.68;660;5
626;627;Donald Byrd;Electric Byrd;October 1970;Jazz Fusion;3.68;549;15
627;628;Donald Byrd;Byrd in Hand;January 1960;Hard Bop;3.68;434;6
628;629;Bruford;One of a Kind;May 1979;Jazz Fusion;3.67;872;30
629;630;Masada;א (Alef);17 December 1994;Avant-Garde Jazz, Klezmer;3.67;703;11
630;631;The Horace Silver Quintet;The Tokyo Blues;November 1962;Hard Bop;3.68;462;1
631;632;Johnny Griffin;A Blowin' Session;October 1957;Hard Bop;3.68;462;12
632;633;Ludwig van Beethoven;Voice;7 June 2011;Jazz Fusion;3.68;442;9
633;634;Donald Byrd;Fuego;July 1960;Hard Bop;3.69;356;6
634;635;Pat Metheny Group;Offramp;3 May 1982;Jazz Fusion, ECM Style Jazz;3.66;974;19
635;636;Bill Evans;Intermodulation;September 1966;Modal Jazz, Post-Bop, Cool Jazz;3.67;609;5
636;637;Stan Getz;Sweet Rain;July 1967;Cool Jazz;3.68;444;6
637;638;Sonny Rollins;Sonny Meets Hawk!;October 1963;Hard Bop;3.69;365;7
638;639;The Comet Is Coming;Trust in the Lifeforce of the Deep Mystery;15 March 2019;Jazz Fusion, Nu Jazz;3.62;8,125;67
639;640;John Surman;How Many Clouds Can You See?;1970;Free Jazz, Avant-Garde Jazz;3.68;287;3
640;641;The Horace Silver Quintet;Silver's Serenade;August 1963;Bebop, Hard Bop;3.71;286;4
641;642;Freddie Hubbard;First Light;12 October 1971;Jazz Fusion;3.68;476;16
642;643;Laura Nyro;More Than a New Discovery;January 1967;Pop Soul, Singer-Songwriter, Vocal Jazz;3.67;882;34
643;644;Anthony Williams;Life Time;January 1965;Avant-Garde Jazz, Post-Bop;3.67;731;15
644;645;Jackie McLean;Demon's Dance;October 1970;Post-Bop;3.69;348;12
645;646;One Shot;Ewaz Vader;2006;Jazz Fusion, Zeuhl;3.69;282;10
646;647;Archie Shepp;Mama Too Tight;May 1967;Free Jazz, Avant-Garde Jazz;3.66;824;16
647;648;Ornette Coleman;Body Meta;1978;Avant-Garde Jazz;3.67;618;7
648;649;Tomasz Stanko Quartet;Suspended Night;2 February 2004;ECM Style Jazz;3.68;414;3
649;650;Albert Ayler Quartet;Ghosts;1965;Free Jazz;3.66;905;9
650;651;Paul Chambers Quartet;Bass on Top;October 1957;Hard Bop;3.68;439;8
651;652;Joe Harriott;Hum Dono;1969;Post-Bop;3.69;267;3
652;653;Kenny Wheeler;Gnu High;February 1976;ECM Style Jazz;3.67;486;10
653;654;Tomasz Stanko;Balladyna;April 1976;Avant-Garde Jazz, ECM Style Jazz;3.67;471;6
654;655;Perigeo;Abbiamo tutti un blues da piangere;1973;Jazz Fusion;3.68;341;10
655;656;Brigitte Fontaine;Comme à la radio;1970;Chamber Jazz;3.64;2,610;27
656;657;Count Basie;Basie;January 1958;Big Band, Swing;3.65;2,198;39
657;658;Frank Sinatra;A Swingin' Affair!;6 May 1957;Standards, Vocal Jazz;3.66;833;14
658;659;Donald Byrd;Street Lady;March 1974;Jazz-Funk;3.67;523;11
659;660;Vijay Iyer Trio;Historicity;28 August 2009;Post-Bop;3.68;347;5
660;661;Naked City;Radio;10 December 1993;Avant-Garde Jazz, Jazz-Rock;3.66;1,131;15
661;662;Duke Ellington;Duke Ellington Meets Coleman Hawkins;February 1963;Jazz;3.67;532;9
662;663;Jukka Tolonen;Tolonen!;December 1971;Jazz-Rock, Progressive Rock, Jazz Fusion;3.68;419;11
663;664;Portico Quartet;Isla;19 October 2009;ECM Style Jazz;3.65;1,406;14
664;665;Sonny Rollins Quartet;Tenor Madness;November 1956;Hard Bop;3.66;949;17
665;666;The Incredible Jimmy Smith;The Cat;September 1964;Soul Jazz, Big Band;3.67;476;14
666;667;Jimmy Smith;Jimmy & Wes: The Dynamic Duo;May 1967;Soul Jazz, Big Band;3.68;393;10
667;668;Bill Evans Trio;How My Heart Sings!;January 1964;Cool Jazz, Modal Jazz;3.68;370;5
668;669;Calvin Keys;Shawn-Neeq;1971;Soul Jazz;3.68;284;6
669;670;Freddie Hubbard;Sing Me a Song of Songmy;July 1971;Avant-Garde Jazz, Electroacoustic;3.66;754;10
670;671;Lonnie Liston Smith & The Cosmic Echoes;Visions of a New World;1975;Jazz-Funk, Jazz Fusion;3.67;514;3
671;672;Gerry Mulligan;Gerry Mulligan Meets Ben Webster;February 1960;Cool Jazz;3.68;305;3
672;673;John Coltrane;Om;January 1968;Free Jazz, Spiritual Jazz;3.64;2,206;51
673;674;Pat Metheny Group;Imaginary Day;7 October 1997;Jazz Fusion;3.66;633;8
674;675;Sun Ra;Cosmos;1976;Avant-Garde Jazz;3.67;568;7
675;676;Freddie Hubbard;Hub Cap;November 1961;Hard Bop;3.67;391;7
676;677;Stanley Clarke;The Rite of Strings;1 August 1995;Jazz Fusion;3.67;388;5
677;678;Gerry Mulligan;Night Lights;1963;Cool Jazz;3.65;1,472;10
678;679;Iceberg;Sentiments;1977;Jazz Fusion, Jazz-Rock;3.68;311;13
679;680;Albert Ayler;Love Cry;February 1968;Free Jazz;3.65;932;8
680;681;Wayne Shorter;Schizophrenia;March 1969;Post-Bop;3.66;835;8
681;682;Brötzmann / Van Hove / Bennink;Brötzmann / Van Hove / Bennink;1973;European Free Jazz;3.65;756;5
682;683;Charles Mingus;Changes Two;1 October 1975;Post-Bop;3.67;563;8
683;684;Lee Morgan;The Rumproller;January 1966;Hard Bop;3.67;455;10
684;685;Tenorio Jr.;Embalo;1964;Samba-jazz;3.68;278;5
685;686;Idris Muhammad;Power of Soul;15 April 1974;Soul Jazz, Jazz-Funk;3.66;674;9
686;687;Johnny Dyani;Witchdoctor's Son;1978;Avant-Garde Jazz, Cape Jazz;3.66;629;8
687;688;Derek BaileyJamaaladeen TacumaCalvin Weston;Mirakle;28 March 2000;Free Jazz, Jazz-Funk;3.66;466;10
688;689;Donald Byrd;Free Form;October 1966;Modal Jazz;3.67;400;8
689;690;Allan Holdsworth;The Sixteen Men of Tain;2000;Jazz Fusion;3.67;380;9
690;691;Herbie Hancock;Man-Child;October 1975;Jazz Fusion, Jazz-Funk;3.65;1,415;22
691;692;Keith Jarrett;My Song;31 May 1978;ECM Style Jazz;3.66;635;8
692;693;Yusef Lateef;The Centaur and the Phoenix;1960;Hard Bop;3.67;330;5
693;694;Schlippenbach Trio;Pakistani Pomade;1973;European Free Jazz;3.63;1,443;19
694;695;Joe Zawinul;Zawinul;May 1971;Jazz Fusion;3.66;717;17
695;696;Batsumi;Batsumi;1974;Spiritual Jazz, Afro-Jazz;3.66;801;9
696;697;Guthrie Govan;Erotic Cakes;August 2006;Jazz Fusion;3.63;867;18
697;698;Jackie McLean;New and Old Gospel;January 1968;Avant-Garde Jazz;3.67;334;7
698;699;John Zorn;The Big Gundown;1986;Avant-Garde Jazz;3.64;1,201;22
699;700; Masayoshi Takanaka [高中正義];On Guitar;1978;Jazz Fusion;3.66;784;4
700;701;Yusef Lateef;Yusef Lateef's Detroit: Latitude 42° 30' Longitude 83°;June 1969;Jazz-Funk;3.66;479;10
701;702;Milt Jackson;Bags Meets Wes!;1962;Hard Bop, Cool Jazz;3.67;364;5
702;703;Frank Sinatra;In the Wee Small Hours;25 April 1955;Standards, Vocal Jazz;3.60;6,983;155
703;704; Masayoshi Takanaka [高中正義];An Insatiable High;1 December 1977;Jazz Fusion, City Pop;3.64;1,944;10
704;705;Rashied Ali;Duo Exchange;1973;Free Jazz;3.66;508;11
705;706;Joseph Jarman;Song For;1967;Free Jazz, Modern Creative;3.67;365;3
706;707;Charles Mingus;Changes One;1 October 1975;Post-Bop;3.66;688;11
707;708;Nina Simone;Nina Simone and Piano!;24 January 1969;Vocal Jazz, Soul;3.66;599;8
708;709;Dizzy Gillespie;Diz and Getz;1955;Bebop;3.67;422;7
709;710;Casiopea;Asian Dreamer;16 December 1994;Jazz Fusion;3.67;332;5
710;711;Claude Debussy;Grand Guignol;1992;Avant-Garde Jazz, Grindcore, Avant-Garde Metal;3.64;1,639;30
711;712;Lonnie Smith with Lee Morgan and David Newman;Think!;December 1968;Soul Jazz;3.67;294;4
712;713;The Red Garland Trio;Red Garland's Piano;June 1957;Hard Bop;3.70;275;4
713;714;Shabaka and The Ancestors;Wisdom of Elders;16 September 2016;Spiritual Jazz;3.64;1,433;11
714;715;Weather Report;Sweetnighter;27 April 1973;Jazz Fusion, Jazz-Funk;3.64;1,217;29
715;716;Portico Quartet;Knee-Deep in the North Sea;5 November 2007;Chamber Jazz, ECM Style Jazz;3.65;779;9
716;717;Hizuru;飛鶴 -Hizuru-;25 October 2017;Chamber Jazz, Japanese Folk Music;3.66;540;1
717;718;Sonny Rollins;Sonny Rollins;March 1957;Hard Bop;3.67;413;8
718;719;Duke Ellington;Back to Back: Duke Ellington and Johnny Hodges Play the Blues;1959;Big Band;3.67;387;8
719;720;Sunbirds;Sunbirds;1971;Jazz Fusion;3.67;343;10
720;721;Weather Report;Mysterious Traveller;May 1974;Jazz Fusion;3.64;1,699;35
721;722;Esbjörn Svensson Trio;Seven Days of Falling;22 September 2003;ECM Style Jazz;3.65;590;10
722;723;Larry Coryell;Barefoot Boy;June 1971;Jazz Fusion, Jazz-Rock;3.65;462;10
723;724;"Nat ""King"" Cole";Love Is the Thing;March 1957;Traditional Pop, Vocal Jazz, Standards;3.66;360;8
724;725;Moondog;Sax Pax for a Sax;11 November 1997;Third Stream;3.66;454;11
725;726;Joe Henderson;Canyon Lady;March 1975;Post-Bop, Latin Jazz;3.73;270;4
726;727;Neptunian Maximalism;Éons;26 June 2020;Avant-Garde Jazz, Drone Metal;3.61;4,185;53
727;728;Herbie Hancock;Speak Like a Child;August 1968;Post-Bop, Hard Bop;3.65;1,020;24
728;729;Otomo Yoshihide's New Jazz Ensemble;Dreams;26 March 2002;Avant-Garde Jazz;3.65;967;10
729;730;Art Ensemble of Chicago;People in Sorrow;1969;Avant-Garde Jazz, Modern Creative;3.63;898;11
730;731;Allen Toussaint;The Bright Mississippi;21 April 2009;Jazz, New Orleans R&B, Dixieland;3.66;378;6
731;732;The Incredible Jimmy Smith;Midnight Special;November 1961;Soul Jazz;3.66;334;6
732;733;The Wes Montgomery Trio;The Wes Montgomery Trio;February 1960;Hard Bop, Soul Jazz, Cool Jazz;3.66;302;8
733;734;Charles Tolliver;The Ringer;1970;Post-Bop, Modal Jazz;3.78;249;5
734;735;Yussef Dayes;Black Focus;4 November 2016;Jazz Fusion, Jazz-Funk;3.63;2,204;15
735;736;Stan Getz;Focus;January 1962;Cool Jazz, Avant-Garde Jazz, Third Stream;3.64;829;19
736;737;Archie Shepp;Four for Trane;November 1964;Avant-Garde Jazz;3.64;791;6
737;738;The RH Factor;Hard Groove;20 May 2003;Jazz-Funk;3.66;363;7
738;739;The Peter Brötzmann Sextet/Quartet;Nipples;1969;European Free Jazz;3.63;1,085;12
739;740;John Abercrombie, Dave Holland & Jack DeJohnette;Gateway;October 1975;ECM Style Jazz;3.64;797;20
740;741;Quincy Jones;Big Band Bossa Nova;October 1962;Big Band, Bossa nova;3.65;717;11
741;742;Esbjörn Svensson Trio;Viaticum;24 January 2005;ECM Style Jazz, Jazz Fusion;3.65;710;10
742;743;Dorothy Ashby;The Rubáiyát of Dorothy Ashby;July 1970;Soul Jazz, Vocal Jazz;3.65;654;8
743;744;Passport;Cross-Collateral;1975;Jazz Fusion, Jazz-Rock;3.66;396;11
744;745;Mal Waldron;The Call;1971;Jazz Fusion;3.66;357;9
745;746;Jackie McLean;It's Time!;July 1965;Post-Bop;3.66;305;5
746;747;Frank Lowe;Black Beings;1973;Free Jazz;3.65;299;3
747;748;Hermeto Pascoal;Slaves Mass;February 1977;Jazz Fusion;3.64;721;16
748;749;Neil Ardley;A Symphony of Amaranths;1972;Third Stream, Experimental Big Band;3.66;307;4
749;750;Eberhard Weber;Later That Evening;4 October 1982;ECM Style Jazz, Chamber Jazz;3.66;309;3
750;751;Oregon;Out of the Woods;September 1978;ECM Style Jazz, Jazz Fusion, Chamber Jazz;3.65;540;12
751;752;;Lost in the Stars: The Music of Kurt Weill;1985;Cabaret, Jazz;3.66;384;12
752;753;Archie Shepp;Fire Music;August 1965;Avant-Garde Jazz;3.64;998;9
753;754;Brand X;Moroccan Roll;April 1977;Jazz Fusion, Jazz-Rock;3.64;837;24
754;755;John McLaughlin;Devotion;July 1970;Jazz-Rock, Jazz Fusion;3.64;682;24
755;756;Spring Heel Jack;Amassed;2002;Avant-Garde Jazz;3.64;607;6
756;757; Salah Ragab [صلاح رجب];Egyptian Jazz;2006;Arabic Jazz, Big Band;3.66;391;6
757;758;Mary Lou Williams;Mary Lou Williams;1964;Jazz;3.64;577;12
758;759;Keith Jarrett, Gary Peacock & Jack DeJohnette;Standards, Vol. 1;September 1983;Post-Bop, ECM Style Jazz;3.64;461;7
759;760;Anouar Brahem;The Astounding Eyes of Rita;25 September 2009;Chamber Jazz, Arabic Jazz;3.66;427;3
760;761;The Chico Hamilton Quintet;Gongs East!;1959;Cool Jazz;3.66;324;7
761;762;Terje Rypdal;Bleak House;1968;Jazz-Rock, Jazz Fusion;3.65;422;11
762;763;Ana Mazzotti;Ana Mazzotti;1974;Samba-jazz, Jazz Fusion;3.66;323;3
763;764;Enrico Rava;The Pilgrim and the Stars;1 November 1975;Post-Bop, Jazz Fusion;3.66;316;5
764;765;Mélanie de Biasio;No Deal;18 March 2013;Vocal Jazz;3.64;757;8
765;766;Allan Holdsworth;i.o.u.;1982;Jazz Fusion;3.64;563;10
766;767;Dexter Gordon;Gettin' Around;August 1966;Hard Bop;3.66;348;6
767;768;Milt Jackson;Bags & Trane;July 1961;Bebop, Cool Jazz;3.63;1,687;23
768;769;Sun Ra and His Myth Science Arkestra;Angels and Demons at Play;1965;Avant-Garde Jazz, Third Stream;3.64;1,210;15
769;770;Sunny Murray;Sunny Murray;1966;Free Jazz;3.65;352;6
770;771;Art Ensemble of Chicago;Certain Blacks;1970;Avant-Garde Jazz;3.66;317;3
771;772;The Red Garland Quintet;All Mornin' Long;March 1958;Hard Bop;3.68;277;7
772;773;Makaya McCraven;Universal Beings;26 October 2018;Jazz Fusion, Nu Jazz;3.64;954;9
773;774;Ahmed Abdul-Malik;East Meets West;February 1960;Arabic Jazz;3.64;876;13
774;775;Billy Cobham;Crosswinds;April 1974;Jazz Fusion;3.64;699;12
775;776; Hailu Mergia [ኃይሉ መርጊያ];Tezeta;1975;Ethio-Jazz;3.65;362;1
776;777;Wadada Leo Smith;Ten Freedom Summers;22 May 2012;Avant-Garde Jazz, Third Stream, Modern Creative;3.63;370;8
777;778;Stan Getz;Stan Getz & Bill Evans;1973;Post-Bop, Jazz, Cool Jazz;3.66;319;4
778;779;Joe Pass;Virtuoso;1974;Bebop;3.64;629;13
779;780;Maisha;There Is a Place;9 November 2018;Spiritual Jazz;3.65;541;6
780;781;Grover Washington, Jr.;Mister Magic;7 February 1975;Jazz-Funk, Jazz Fusion;3.64;906;12
781;782;GoGo Penguin;v2.0;17 March 2014;Jazz, Jazz Fusion;3.64;775;11
782;783;Hiromi;Spiral;17 January 2006;Post-Bop;3.64;503;10
783;784;Pharaohs;Awakening;1971;Jazz-Funk;3.65;349;10
784;785;Cannonball Adderley;Things Are Getting Better;February 1959;Hard Bop;3.66;310;6
785;786;Booker Ervin;The Blues Book;1964;Post-Bop;3.78;257;6
786;787;Penguin Cafe Orchestra;Penguin Cafe Orchestra;July 1981;Chamber Jazz;3.62;1,927;31
787;788;The Necks;Mindset;October 2011;Avant-Garde Jazz, Free Improvisation;3.64;662;12
788;789;Terje Rypdal;Terje Rypdal;November 1971;Jazz Fusion, ECM Style Jazz;3.64;390;7
789;790;Andrew Hill;Andrew!!!;April 1968;Post-Bop;3.65;360;6
790;791;Michael White;The Land of Spirit and Light;September 1973;Spiritual Jazz;3.66;311;7
791;792;Perigeo;Genealogia;September 1974;Jazz Fusion;3.67;269;10
792;793;Frank Zappa;Sleep Dirt;19 January 1979;Jazz-Rock, Progressive Rock, Jazz Fusion;3.62;2,084;61
793;794;Paul Bley;Open, to Love;February 1973;ECM Style Jazz;3.64;836;19
794;795;Frank Sinatra;Sinatra's Swingin' Session!!!;3 January 1961;Vocal Jazz, Standards;3.64;332;7
795;796;Yusef Lateef;Psychicemotus;February 1966;Post-Bop;3.64;602;10
796;797;The Blue Effect;Coniunctio;1970;Jazz-Rock, Jazz Fusion, Progressive Rock;3.63;456;13
797;798;McCoy Tyner;Tender Moments;August 1968;Post-Bop;3.65;357;6
798;799;Nancy Wilson;Nancy Wilson / Cannonball Adderley;February 1962;Vocal Jazz, Hard Bop;3.65;347;6
799;800;Louis Armstrong;Louis and The Good Book;1958;Vocal Jazz, Traditional Black Gospel, Gospel;3.64;337;7
800;801;Charles Lloyd;The Water Is Wide;28 August 2000;ECM Style Jazz, Cool Jazz;3.70;289;7
801;802;Sun Ra;On Jupiter;1 November 1979;Experimental Big Band, Jazz Fusion;3.65;402;14
802;803;Sun Ra;Astro Black;1973;Avant-Garde Jazz;3.65;391;9
803;804;Chet Baker;Chet;May 1959;Cool Jazz;3.62;1,357;18
804;805;Frank Sinatra;Songs for Young Lovers;4 January 1954;Vocal Jazz, Standards;3.63;1,113;17
805;806;Johnny Dyani Quartet;Song for Biko;1979;Avant-Garde Jazz, Cape Jazz;3.65;365;3
806;807;Al Di Meola;Land of the Midnight Sun;25 October 1976;Jazz Fusion;3.63;936;23
807;808;Nina Simone;Forbidden Fruit;1961;Vocal Jazz, Rhythm & Blues;3.64;700;9
808;809;Lonnie Liston Smith & The Cosmic Echoes;Expansions;1975;Jazz-Funk;3.64;571;6
809;810;Walt Dickerson;To My Queen;1963;Post-Bop;3.65;325;4
810;811;Napoli Centrale;Napoli Centrale;1975;Jazz-Rock, Jazz Fusion;3.64;513;9
811;812;Steve Lacy;Reflections: Steve Lacy Plays Thelonious Monk;1959;Post-Bop;3.65;333;4
812;813;Tomasz Stanko Quartet;Lontano;25 August 2006;ECM Style Jazz, Modal Jazz, Avant-Garde Jazz;3.65;384;6
813;814;Chick Corea;Tones for Joan's Bones;April 1968;Post-Bop, Hard Bop;3.65;412;4
814;815;Stanley Clarke;Stanley Clarke;December 1974;Jazz Fusion, Jazz-Funk, Jazz-Rock;3.63;779;11
815;816;Anouar Brahem Trio;Astrakan café;18 September 2000;Arabic Jazz, Chamber Jazz;3.63;770;7
816;817;The Joe Harriott Quintet;Abstract;1963;Post-Bop, Avant-Garde Jazz;3.65;427;9
817;818;Don Cherry;Organic Music Society;1972;Spiritual Jazz, Avant-Folk;3.63;696;10
818;819;Esbjörn Svensson Trio;From Gagarin's Point of View;June 1999;Post-Bop, Jazz;3.65;372;4
819;820;Gunther Schuller;Jazz Abstractions;November 1961;Third Stream, Avant-Garde Jazz;3.64;303;5
820;821;Jackie McLean;Capuchin Swing;December 1960;Hard Bop;3.67;297;8
821;822;Abbey Lincoln;Abbey Is Blue;1959;Vocal Jazz;3.63;582;14
822;823;Chet Baker Sextet;Chet Is Back!;1962;Cool Jazz;3.64;449;10
823;824;Evan Parker;The Snake Decides;1986;Free Improvisation, European Free Jazz;3.63;438;9
824;825;Art Ensemble of Chicago;Full Force;April 1980;Avant-Garde Jazz;3.64;387;5
825;826;Yussef Dayes;Black Classical Music;8 September 2023;Jazz Fusion;3.64;409;2
826;827;Ike Quebec;Bossa Nova Soul Samba;December 1962;Hard Bop, Bossa nova, Cool Jazz;3.64;391;2
827;828;Gene Ammons;Boss Tenor;1960;Soul Jazz, Hard Bop;3.65;326;8
828;829;Terje Rypdal;Whenever I Seem to Be Far Away;November 1974;Jazz Fusion, ECM Style Jazz;3.64;314;7
829;830;Herbie Hancock;Fat Albert Rotunda;April 1970;Jazz-Funk, Jazz Fusion;3.63;1,215;27
830;831;Ella Fitzgerald;Ella & Basie!;1963;Vocal Jazz;3.64;353;6
831;832;Anthony Braxton;3 Compositions of New Jazz;September 1968;Avant-Garde Jazz, Modern Creative;3.62;1,129;17
832;833;Lee Konitz;Motion;November 1961;Cool Jazz;3.63;756;8
833;834;Nucleus;Solar Plexus;June 1971;Jazz Fusion, Jazz-Rock;3.64;461;14
834;835;Bengt Berger;Bitter Funeral Beer;1982;Avant-Garde Jazz, Afro-Jazz, Spiritual Jazz;3.63;425;
835;836;Ry Cooder;Mambo Sinuendo;28 January 2003;Mambo, Afro-Cuban Jazz;3.64;431;12
836;837;Ike Quebec;It Might as Well Be Spring;July 1964;Soul Jazz;3.68;279;3
837;838;David S. Ware;Surrendered;23 May 2000;Avant-Garde Jazz;3.72;282;5
838;839;Hiromi's Sonicbloom;Time Control;27 March 2007;Jazz Fusion;3.62;767;12
839;840;Pharoah Sanders;The Trance of Seven Colors;1994;Gnawa, Spiritual Jazz;3.63;603;3
840;841;Eberhard Weber;The Following Morning;1977;ECM Style Jazz, Chamber Jazz;3.64;459;8
841;842;Alexander von Schlippenbach;Globe Unity;1967;European Free Jazz;3.64;388;5
842;843;Lonnie Liston Smith & The Cosmic Echoes;Cosmic Funk;July 1974;Jazz-Funk;3.64;349;4
843;844;Dorothy Ashby;In a Minor Groove;January 1959;Cool Jazz, Hard Bop;3.64;379;5
844;845;Paavo;Paavo;2007;Avant-Garde Jazz, Vocal Jazz;3.62;592;7
845;846;Louis Prima;The Wildest!;1 October 1956;Swing, Traditional Pop, Big Band;3.61;1,635;32
846;847;Bobby Hutcherson;San Francisco;May 1971;Jazz Fusion;3.64;429;11
847;848;The Necks;Sex;1989;Avant-Garde Jazz;3.61;1,339;22
848;849;Casiopea;Super Flight;25 November 1979;Jazz Fusion, Smooth Jazz;3.62;809;6
849;850;The Budos Band;The Budos Band II;7 August 2007;Jazz-Funk, Deep Funk, Funk;3.62;761;13
850;851;Chet Baker;It Could Happen to You;October 1958;Vocal Jazz, Cool Jazz;3.63;515;6
851;852;John Coltrane;Infinity;September 1972;Spiritual Jazz, Third Stream;3.63;445;7
852;853;Charlie Parker;Charlie Parker;1954;Bebop;3.66;276;2
853;854;Quincy Jones;Walking in Space;November 1969;Soul Jazz;3.63;462;9
854;855;McCoy Tyner;Today and Tomorrow;July 1964;Post-Bop, Hard Bop;3.64;371;3
855;856;Monika Roscher Bigband;Witchy Activities and the Maple Death;5 May 2023;Experimental Big Band, Avant-Prog, Progressive Pop;3.60;1,770;19
856;857; Gunesh [Гунеш];Гунеш (Gunesh);1980;Jazz Fusion, Jazz-Rock;3.64;334;8
857;858;Brand X;Masques;8 September 1978;Jazz Fusion, Jazz-Rock;3.64;438;10
858;859;Lonnie Liston Smith & The Cosmic Echoes;Astral Traveling;1973;Spiritual Jazz;3.64;390;8
859;860;Miles Davis Sextet;Someday My Prince Will Come;11 December 1961;Modal Jazz;3.61;1,994;27
860;861;Buckethead;Population Override;30 March 2004;Progressive Rock, Jazz Fusion;3.61;1,078;32
861;862;Pat Metheny Group;Letter From Home;1989;Jazz Fusion;3.62;747;17
862;863;Kenny Dorham;Quiet Kenny;February 1960;Cool Jazz, Hard Bop;3.63;598;6
863;864;The Trio Project;Move;5 September 2012;Jazz Fusion;3.62;533;11
864;865;Angles 9;Injuries;May 2014;Experimental Big Band, Avant-Garde Jazz;3.62;622;11
865;866;Mary Halvorson Octet;Away With You;28 October 2016;Avant-Garde Jazz;3.63;365;6
866;867;Sun Ra;The Futuristic Sounds of Sun Ra;May 1962;Post-Bop, Avant-Garde Jazz;3.61;1,568;17
867;868;Mahavishnu John McLaughlin;My Goal's Beyond;June 1971;Jazz Fusion, Spiritual Jazz, Indo Jazz;3.62;612;12
868;869;Arthur Doyle Plus 4;Alabama Feeling;1978;Free Jazz;3.62;487;9
869;870;Henry Grimes Trio;The Call;1966;Free Jazz;3.63;454;12
870;871;Jay Jay Johnson Sextet;Jay Jay Johnson;1953;Bebop;3.63;425;8
871;872;SOIL&“PIMP”SESSIONS;Pimp of the Year;8 March 2006;Jazz Fusion, Hard Bop;3.63;358;2
872;873;Lee Morgan;City Lights;June 1958;Hard Bop;3.68;290;6
873;874;Charlie Haden;Beyond the Missouri Sky (Short Stories);25 February 1997;Jazz;3.62;484;18
874;875;Elvin Jones;Illumination!;9 January 1964;Post-Bop;3.63;403;8
875;876;The Eleventh House;Introducing The Eleventh House With Larry Coryell;February 1974;Jazz Fusion, Jazz-Rock;3.64;321;16
876;877;Keith Jarrett;Death and the Flower;February 1975;Avant-Garde Jazz, ECM Style Jazz;3.64;305;3
877;878;James Blood Ulmer;Free Lancing;19 October 1981;Jazz-Funk, Avant-Garde Jazz;3.64;281;5
878;879;Esbjörn Svensson Trio;Leucocyte;1 September 2008;Jazz Fusion, Avant-Garde Jazz, Chamber Jazz;3.62;816;21
879;880;Medeski, Martin & Wood;End of the World Party (Just in Case);7 September 2004;Jazz Fusion;3.62;484;14
880;881;Art Blakey and the Jazz Messengers;Roots & Herbs;October 1970;Hard Bop;3.63;312;4
881;882;Sun-Ra and His Astro Infinity Arkestra;Atlantis;1969;Free Jazz;3.58;2,835;58
882;883;John Surman;Upon Reflection;1979;Avant-Garde Jazz;3.63;316;2
883;884;Soft Machine;Bundles;April 1975;Jazz Fusion, Canterbury Scene, Jazz-Rock;3.60;1,560;31
884;885;Peggy Lee;Black Coffee With Peggy Lee;3 August 1953;Vocal Jazz;3.61;1,322;27
885;886;Gil Scott-Heron & Brian Jackson;From South Africa to South Carolina;November 1975;Soul Jazz, Afro-Jazz;3.63;410;7
886;887;LAM;LAM;2 October 2016;Post-Minimalism, Avant-Garde Jazz;3.61;837;2
887;888;Blossom Dearie;Blossom Dearie;April 1957;Vocal Jazz, Standards;3.61;633;10
888;889;Wes Montgomery;So Much Guitar!;October 1961;Hard Bop;3.63;333;8
889;890;Louis Armstrong;Satchmo Plays King Oliver;November 1960;Dixieland;3.73;263;6
890;891;Marc Ribot y Los Cubanos Postizos;The Prosthetic Cubans;16 June 1998;Afro-Cuban Jazz, Latin Jazz;3.62;627;8
891;892;Iceberg;Coses nostres;1976;Jazz Fusion, Jazz-Rock;3.63;279;12
892;893;Last Exit;Iron Path;1988;Jazz-Rock, Free Jazz;3.62;582;12
893;894;Duke Ellington;Black, Brown and Beige;December 1958;Big Band;3.62;496;7
894;895;The Joe Harriott and John Mayer Double Quintet;Indo-Jazz Suite;November 1966;Indo Jazz, Spiritual Jazz, Jazz Fusion;3.62;399;11
895;896;Leon Thomas;Spirits Known and Unknown;1969;Avant-Garde Jazz, Vocal Jazz, Spiritual Jazz;3.63;296;4
896;897;Alice Coltrane;Huntington Ashram Monastery;1969;Spiritual Jazz;3.61;798;10
897;898;Herbie Mann;Memphis Underground;10 April 1969;Soul Jazz;3.61;563;28
898;899;Nina Simone;Let It All Out;January 1966;Vocal Jazz, Soul Jazz;3.62;509;3
899;900;Blossom Dearie;Once Upon a Summertime;1958;Vocal Jazz, Standards;3.62;351;7
900;901;Ian Carr;Belladonna;1972;Jazz-Rock, Jazz Fusion;3.63;331;10
901;902;Abbey Lincoln;Straight Ahead;1961;Vocal Jazz;3.62;309;7
902;903;Anthony Braxton;Creative Orchestra Music 1976;May 1976;Experimental Big Band, Modern Creative;3.61;454;10
903;904;Jan Garbarek;I Took Up the Runes;1990;ECM Style Jazz;3.62;415;6
904;905;Lee Morgan;Candy;November 1958;Hard Bop;3.62;332;5
905;906;Placebo;1973;1973;Jazz Fusion, Jazz-Rock;3.63;293;4
906;907;Archie Shepp;Attica Blues;June 1972;Soul Jazz, Jazz-Funk;3.60;897;14
907;908;Chick Corea;My Spanish Heart;15 December 1976;Jazz Fusion, Latin Jazz;3.61;624;13
908;909;Steve Lacy;Evidence;1962;Post-Bop;3.63;333;4
909;910;Duke Ellington;The Duke Plays Ellington: Piano Reflections;1953;Stride, Swing;3.63;318;7
910;911;Dewey Redman;The Ear of the Behearer;October 1973;Free Jazz;3.69;255;2
911;912;Marion Brown;Porto Novo;1969;Free Jazz;3.73;253;
912;913;Kenny Dorham;Trompeta Toccata;July 1965;Hard Bop;3.78;249;4
913;914;Anouar Brahem;Le voyage de Sahar;31 January 2006;Arabic Jazz, Chamber Jazz;3.62;506;10
914;915;Neil Ardley;Kaleidoscope of Rainbows;September 1976;Third Stream, Jazz-Rock;3.62;412;10
915;916;Grant Green;Grantstand;April 1962;Soul Jazz, Hard Bop;3.64;303;8
916;917;Bebo Valdés;Lágrimas negras;20 August 2003;Afro-Cuban Jazz, Flamenco Jazz;3.61;524;9
917;918; Masayoshi Takanaka [高中正義];Takanaka;1977;Jazz Fusion, City Pop;3.62;456;4
918;919;Medeski, Martin & Wood;Combustication;11 August 1998;Jazz Fusion, Jazz-Funk;3.62;443;7
919;920;Weather Report;I Sing the Body Electric;26 May 1972;Jazz Fusion;3.60;1,300;36
920;921;Bennie Maupin;The Jewel in the Lotus;1974;ECM Style Jazz, Jazz Fusion;3.60;746;10
921;922;Marion Brown Quartet;Marion Brown Quartet;1966;Avant-Garde Jazz;3.61;475;1
922;923;The Tony Williams Lifetime;(Turn It Over);July 1970;Jazz-Rock, Jazz Fusion;3.62;398;7
923;924;Jean-Luc Ponty;Aurora;26 February 1976;Jazz Fusion, Jazz-Rock;3.62;377;10
924;925; Masahiko Sato [Toshiyuki Miyama & The New Herd];Yamataifu;1972;Experimental Big Band, Free Jazz, Modern Creative;3.62;304;5
925;926;Casiopea;Make Up City;21 November 1980;Jazz Fusion, Smooth Jazz;3.61;535;4
926;927;Tord Gustavsen Trio;Being There;30 April 2007;ECM Style Jazz;3.62;338;7
927;928;Gary Burton;A Genuine Tong Funeral;October 1968;Avant-Garde Jazz, Third Stream;3.61;449;6
928;929;Don Cherry;Where Is Brooklyn?;June 1969;Avant-Garde Jazz;3.61;455;5
929;930;Julius Hemphill;'Coon Bid'ness;1975;Avant-Garde Jazz;3.77;241;5
930;931;Rabih Abou-Khalil;Blue Camel;November 1992;Arabic Jazz;3.60;942;10
931;932;Donald Byrd;Black Byrd;February 1973;Jazz-Funk;3.61;610;21
932;933;Two Bands and a Legend;Two Bands and a Legend;5 March 2007;Free Jazz, Garage Punk;3.61;608;4
933;934;Billy Cobham;Total Eclipse;December 1974;Jazz Fusion;3.62;398;5
934;935;Frank Sinatra;Nice 'n' Easy;25 July 1960;Vocal Jazz, Standards;3.61;548;9
935;936;Milt Jackson;Sunflower;March 1973;Jazz, Soul Jazz;3.62;350;11
936;937;Jackie McLean;New Soil;August 1959;Hard Bop, Post-Bop;3.66;273;7
937;938;Irreversible Entanglements;Irreversible Entanglements;26 September 2017;Jazz Poetry, Free Jazz;3.61;432;4
938;939;Sonny Rollins;Work Time;1956;Hard Bop;3.62;371;4
939;940;The Lounge Lizards;No Pain for Cakes;13 April 1987;Avant-Garde Jazz;3.62;350;2
940;941;Paul Desmond;Take Ten;October 1963;Cool Jazz;3.61;445;9
941;942;Sun Ra & His Solar Arkestra;Secrets of the Sun;1965;Avant-Garde Jazz;3.60;629;13
942;943;Carla Bley;Tropic Appetites;1974;Avant-Garde Jazz;3.61;380;12
943;944;Jay Richford & Gary Stevan;Feelings;1974;Library Music, Jazz-Funk;3.61;371;8
944;945;Ornette Coleman;Tomorrow Is the Question: The New Music of Ornette Coleman;November 1959;Hard Bop;3.60;991;9
945;946;Art Ensemble of Chicago;Nice Guys;January 1979;Avant-Garde Jazz, Modern Creative;3.61;631;4
946;947;Jack DeJohnette;New Directions;1978;ECM Style Jazz, Avant-Garde Jazz;3.73;244;2
947;948;John Coltrane;Coltrane Plays the Blues;July 1962;Hard Bop;3.59;1,563;26
948;949;Stanley Clarke;School Days;8 October 1976;Jazz Fusion, Jazz-Funk, Jazz-Rock;3.59;966;25
949;950;Don Cherry;Relativity Suite;1973;Spiritual Jazz;3.62;348;5
950;951;Flora Purim;Butterfly Dreams;1973;Jazz Fusion, Vocal Jazz;3.61;329;4
951;952;James Brown;Soul on Top;April 1970;Soul, Rhythm & Blues, Big Band;3.61;335;6
952;953;Art Farmer;Modern Art;November 1958;Cool Jazz, Bebop;3.62;295;3
953;954;Pharoah Sanders;Wisdom Through Music;1973;Spiritual Jazz;3.60;932;4
954;955;Anthony Braxton;Alto Saxophone Improvisations 1979;1979;Free Jazz, Free Improvisation, Modern Creative;3.64;297;7
955;956;Thelonious Monk;Thelonious Monk Plays the Music of Duke Ellington;December 1955;Bebop;3.60;692;15
956;957;Art Blakey and the Jazz Messengers;Drum Suite;June 1957;Hard Bop, Afro-Cuban Jazz;3.61;384;6
957;958;John Zorn;Spillane;17 December 1987;Avant-Garde Jazz;3.60;818;11
958;959;Yusef Lateef;The Blue Yusef Lateef;14 June 1968;Hard Bop;3.61;500;10
959;960;Masayoshi Takanaka;Alone;10 December 1981;Jazz Fusion, City Pop, Jazz-Funk;3.61;417;
960;961;BADBADNOTGOOD;Talk Memory;8 October 2021;Jazz Fusion;3.58;3,574;30
961;962;Bruford;Feels Good to Me;6 January 1978;Jazz Fusion;3.59;694;18
962;963;Eric Dolphy;Conversations;1963;Avant-Garde Jazz, Post-Bop;3.61;488;9
963;964;Nik Bärtsch's Ronin;Holon;25 February 2008;ECM Style Jazz, Post-Minimalism;3.60;468;12
964;965;João Donato;A Bad Donato;November 1970;Jazz-Funk;3.59;445;12
965;966;Dave Brubeck;Time In;August 1966;Cool Jazz;3.62;320;8
966;967;Mal Waldron Trio;Free at Last;1970;Avant-Garde Jazz, Post-Bop;3.65;274;6
967;968;Miles Davis;Water Babies;2 November 1976;Post-Bop;3.59;1,195;27
968;969;Alice Coltrane;Lord of Lords;1972;Third Stream, Spiritual Jazz;3.59;971;13
969;970;Jan Garbarek Quartet;Afric Pepperbird;1970;Post-Bop, Free Jazz, Avant-Garde Jazz;3.60;401;11
970;971;Keith Jarrett, Gary Peacock & Jack DeJohnette;Standards, Vol. 2;25 April 1985;Post-Bop, ECM Style Jazz;3.67;298;4
971;972;Anouar Brahem;Le pas du chat noir;27 August 2002;Chamber Jazz, Arabic Jazz;3.59;924;13
972;973;PainKiller;Execution Ground;15 November 1994;Avant-Garde Jazz, Dark Ambient, Ambient Dub;3.58;888;12
973;974;Sonny Rollins;Freedom Suite;June 1958;Hard Bop;3.60;474;6
974;975;Ray Charles;Genius + Soul = Jazz;February 1961;Soul Jazz, Rhythm & Blues;3.61;466;12
975;976;Vijay Iyer Trio;Accelerando;24 February 2012;Avant-Garde Jazz, Post-Bop;3.61;418;7
976;977;Mammal Hands;Shadow Work;3 November 2017;Jazz;3.61;389;4
977;978;Rahmann;Rahmann;1980;Jazz-Rock, Avant-Prog, Jazz Fusion;3.61;276;12
978;979; Masayuki Takayanagi [高柳昌行];Eclipse / 侵蝕;1975;Free Improvisation, Free Jazz;3.60;621;9
979;980;Patrick Shiroishi;Hidemi;29 October 2021;Avant-Garde Jazz;3.59;892;4
980;981;Return to Forever;No Mystery;February 1975;Jazz Fusion;3.59;708;16
981;982;George Benson;Beyond the Blue Horizon;May 1971;Soul Jazz;3.61;366;10
982;983;John Scofield;A Go Go;7 April 1998;Jazz-Funk;3.60;528;15
983;984;Paul Desmond;Two of a Mind;November 1962;Cool Jazz;3.61;298;6
984;985;Matthew Halsall;Fletcher Moss Park;15 October 2012;Modal Jazz;3.68;261;4
985;986;Freddie Hubbard;The Artistry of Freddie Hubbard;March 1963;Hard Bop;3.75;252;3
986;987;Soft Machine;Fourth;28 February 1971;Jazz Fusion, Canterbury Scene, Jazz-Rock;3.57;2,209;41
987;988;Roland Kirk;Now Please Don't You Cry, Beautiful Edith;1967;Post-Bop;3.61;307;9
988;989;Jan Garbarek Group;Twelve Moons;1993;ECM Style Jazz;3.60;323;6
989;990;Herbie Hancock;Mr. Hands;October 1980;Jazz Fusion, Jazz-Funk;3.59;883;15
990;991;Jaimie Branch;Fly or Die Fly or Die Fly or Die ((World War));25 August 2023;Avant-Garde Jazz;3.59;621;4
991;992;Brötzmann / Van Hove / Bennink;Balls;1970;European Free Jazz;3.59;600;9
992;993;Jeanne Lee;The Newest Sound Around;1962;Vocal Jazz, Avant-Garde Jazz, Standards;3.60;358;4
993;994;Grachan Moncur III;New Africa;1970;Post-Bop, Free Jazz;3.64;266;8
994;995;The Art Ensemble of Chicago;Fanfare for the Warriors;1974;Avant-Garde Jazz;3.59;762;7
995;996;Pat Metheny;Watercolors;May 1977;Jazz Fusion;3.59;718;7
996;997;Jean-Luc Ponty;King Kong: Jean-Luc Ponty Plays the Music of Frank Zappa;25 May 1970;Jazz Fusion, Jazz-Rock;3.59;612;16
997;998;Mor Thiam;Dini Safarrar (Drums of Fire);1973;Afro-Jazz, Wolof Music;3.60;465;4
998;999;Keith Jarrett;Expectations;October 1972;Jazz Fusion, Post-Bop;3.60;375;9
999;1000;Monica Zetterlund;Waltz for Debby;December 1964;Vocal Jazz, Cool Jazz;3.60;389;1